Sender_name,Sender_id,Receiver_name,Receiver_id,Transaction_type,Amount($),Date
Dara,af3512b4,,,Deposit,100,2024-06-25 10:00
Sokha,e784f12c,,,Withdraw,50,2024-06-26 11:15
Piseth,c2457e91,,,Deposit,250,2024-06-28 12:10
Srey Leak,ba98d2f7,,,Withdraw,100,2024-06-29 13:25
Vanna,f231b7e9,Bopha,d187a3e9,Transfer,30,2024-06-21 14:15
Bopha,d187a3e9,Vanna,f231b7e9,Transfer,10,2024-06-22 15:20
Dara,af3512b4,Sokha,e784f12c,Transfer,40,2024-07-04 17:30
Sokha,e784f12c,Dara,af3512b4,Transfer,30,2024-07-05 19:00
Piseth,c2457e91,Srey Leak,ba98d2f7,Transfer,50,2024-07-06 20:10
Srey Leak,ba98d2f7,Piseth,c2457e91,Transfer,35,2024-07-07 21:20
Dara,af3512b4,,,Deposit,200,2024-07-08 10:00
Sokha,e784f12c,,,Withdraw,120,2024-07-09 11:15
Vanna,f231b7e9,Bopha,d187a3e9,Transfer,30,2024-07-10 12:30
Bopha,d187a3e9,Vanna,f231b7e9,Transfer,15,2024-07-11 13:45
Dara,af3512b4,Sokha,e784f12c,Transfer,50,2024-07-12 14:55
Sokha,e784f12c,Dara,af3512b4,Transfer,40,2024-07-13 15:10
Piseth,c2457e91,Srey Leak,ba98d2f7,Transfer,60,2024-07-14 16:20
Srey Leak,ba98d2f7,Piseth,c2457e91,Transfer,30,2024-07-15 17:25
Dara,af3512b4,,,Deposit,250,2024-07-16 09:00
Sokha,e784f12c,,,Withdraw,150,2024-07-17 10:15
Piseth,c2457e91,,,Deposit,700,2024-07-18 08:45
Srey Leak,ba98d2f7,,,Withdraw,50,2024-07-19 09:10
Vanna,f231b7e9,Bopha,d187a3e9,Transfer,25,2024-07-20 14:35
Bopha,d187a3e9,Vanna,f231b7e9,Transfer,10,2024-07-21 15:50
Dara,af3512b4,Sokha,e784f12c,Transfer,20,2024-07-22 16:00
Sokha,e784f12c,Dara,af3512b4,Transfer,30,2024-07-23 17:05
Piseth,c2457e91,Srey Leak,ba98d2f7,Transfer,40,2024-07-24 18:15
Srey Leak,ba98d2f7,Piseth,c2457e91,Transfer,25,2024-07-25 19:20
Dara,af3512b4,,,Deposit,100,2024-07-26 10:30
Sokha,e784f12c,,,Withdraw,60,2024-07-27 11:45
Piseth,c2457e91,,,Deposit,300,2024-07-28 12:40
Srey Leak,ba98d2f7,,,Withdraw,120,2024-07-29 13:25
Dara,af3512b4,Sokha,e784f12c,Transfer,15,2024-07-30 14:10
Sokha,e784f12c,Dara,af3512b4,Transfer,25,2024-07-31 15:00
Piseth,c2457e91,Srey Leak,ba98d2f7,Transfer,35,2024-08-01 16:20
Srey Leak,ba98d2f7,Piseth,c2457e91,Transfer,20,2024-08-02 17:30
Vanna,f231b7e9,Bopha,d187a3e9,Transfer,40,2024-08-03 18:10
Bopha,d187a3e9,Vanna,f231b7e9,Transfer,20,2024-08-04 19:15
Dara,af3512b4,Sokha,e784f12c,Transfer,30,2024-08-05 09:40
Sokha,e784f12c,Dara,af3512b4,Transfer,40,2024-08-06 10:55
Piseth,c2457e91,Srey Leak,ba98d2f7,Transfer,50,2024-08-07 11:20
Srey Leak,ba98d2f7,Piseth,c2457e91,Transfer,35,2024-08-08 12:30
Dara,af3512b4,,,Deposit,200,2024-08-09 13:00
Sokha,e784f12c,,,Withdraw,90,2024-08-10 14:45
Piseth,c2457e91,,,Deposit,450,2024-08-11 15:20
Srey Leak,ba98d2f7,,,Withdraw,150,2024-08-12 16:00
Dara,af3512b4,Sokha,e784f12c,Transfer,60,2024-08-13 17:30
Sokha,e784f12c,Dara,af3512b4,Transfer,50,2024-08-14 18:10
Piseth,c2457e91,Srey Leak,ba98d2f7,Transfer,40,2024-08-15 19:15
Srey Leak,ba98d2f7,Piseth,c2457e91,Transfer,30,2024-08-16 20:25
Dara,af3512b4,Sokha,e784f12c,Transfer,50,2025-02-17 10:20
Sokha,e784f12c,Dara,af3512b4,Transfer,40,2025-02-18 11:35
Piseth,c2457e91,Srey Leak,ba98d2f7,Transfer,60,2025-02-19 12:15
Srey Leak,ba98d2f7,Piseth,c2457e91,Transfer,30,2025-02-20 13:30
Vanna,f231b7e9,Bopha,d187a3e9,Transfer,40,2025-02-21 14:00
Bopha,d187a3e9,Vanna,f231b7e9,Transfer,20,2025-02-22 15:15
Dara,af3512b4,Sokha,e784f12c,Transfer,30,2025-02-23 16:25
Sokha,e784f12c,Dara,af3512b4,Transfer,40,2025-02-24 17:40
Piseth,c2457e91,Srey Leak,ba98d2f7,Transfer,50,2025-02-25 18:10
Srey Leak,ba98d2f7,Piseth,c2457e91,Transfer,35,2025-02-26 19:00
Dara,af3512b4,,,Deposit,200,2025-02-27 09:00
Sokha,e784f12c,,,Withdraw,90,2025-02-28 10:10
Piseth,c2457e91,,,Deposit,450,2025-03-01 11:20
Srey Leak,ba98d2f7,,,Withdraw,150,2025-03-02 12:05
Dara,af3512b4,Sokha,e784f12c,Transfer,60,2025-03-03 13:15
Sokha,e784f12c,Dara,af3512b4,Transfer,50,2025-03-04 14:00
Piseth,c2457e91,Srey Leak,ba98d2f7,Transfer,40,2025-03-05 15:10
Srey Leak,ba98d2f7,Piseth,c2457e91,Transfer,30,2025-03-06 16:25
Dara,af3512b4,Sokha,e784f12c,Transfer,50,2025-03-07 17:30
Sokha,e784f12c,Dara,af3512b4,Transfer,40,2025-03-08 18:40
Piseth,c2457e91,Srey Leak,ba98d2f7,Transfer,60,2025-03-09 19:00
Srey Leak,ba98d2f7,Piseth,c2457e91,Transfer,35,2025-03-10 20:15
Dara,af3512b4,,,Deposit,200,2025-03-11 09:25
Sokha,e784f12c,,,Withdraw,80,2025-03-12 10:10
Piseth,c2457e91,,,Deposit,500,2025-03-13 11:00
Piseth,c2457e91,Srey Leak,ba98d2f7,Transfer,45,2025-03-13 12:00
Sokha,e784f12c,Srey Leak,ba98d2f7,Transfer,50,2025-03-13 12:00
Piseth,c2457e91,Dara,af3512b4,Transfer,60,2025-03-13 13:30
Srey Leak,ba98d2f7,Sokha,e784f12c,Transfer,30,2025-03-13 14:45
Dara,af3512b4,Srey Leak,ba98d2f7,Transfer,40,2025-03-14 08:30
Piseth,c2457e91,Sokha,e784f12c,Transfer,55,2025-03-14 09:00
Srey Leak,ba98d2f7,Dara,af3512b4,Transfer,70,2025-03-14 10:15
Sokha,e784f12c,Dara,af3512b4,Transfer,60,2025-03-14 11:45
Srey Leak,ba98d2f7,,,Withdraw,130,2025-03-14 12:20
Srey Leak,ba98d2f7,Piseth,c2457e91,Transfer,30,2025-03-14 08:30
Dara,af3512b4,Sokha,e784f12c,Transfer,60,2025-03-14 10:15
Piseth,c2457e91,,,Deposit,250,2025-03-15 08:30
Srey Leak,ba98d2f7,,,Withdraw,85,2025-03-15 09:00
Dara,af3512b4,,,Deposit,300,2025-03-15 10:00
Sokha,e784f12c,,,Withdraw,150,2025-03-15 12:00
Piseth,c2457e91,Srey Leak,ba98d2f7,Transfer,45,2025-03-16 09:00
Srey Leak,ba98d2f7,Piseth,c2457e91,Transfer,40,2025-03-16 10:30
Dara,af3512b4,Sokha,e784f12c,Transfer,50,2025-03-16 11:00
Sokha,e784f12c,Dara,af3512b4,Transfer,30,2025-03-16 12:30
Piseth,c2457e91,Srey Leak,ba98d2f7,Transfer,60,2025-03-16 13:30
Srey Leak,ba98d2f7,Piseth,c2457e91,Transfer,35,2025-03-17 09:00
Dara,af3512b4,Sokha,e784f12c,Transfer,45,2025-03-17 10:00
Sokha,e784f12c,Dara,af3512b4,Transfer,50,2025-03-17 11:15
Piseth,c2457e91,Srey Leak,ba98d2f7,Transfer,25,2025-03-17 12:30
Srey Leak,ba98d2f7,Piseth,c2457e91,Transfer,45,2025-03-17 13:45
Dara,af3512b4,Sokha,e784f12c,Transfer,60,2025-03-17 14:15
Sokha,e784f12c,Dara,af3512b4,Transfer,40,2025-03-15 09:45
Piseth,c2457e91,,,Withdraw,70,2025-03-15 11:00
Srey Leak,ba98d2f7,,,Deposit,90,2025-03-15 13:00
Dara,af3512b4,Sokha,e784f12c,Transfer,70,2025-03-15 13:30
Sokha,e784f12c,Dara,af3512b4,Transfer,50,2025-03-16 14:50
Dara,af3512b4,,,Withdraw,100,2025-03-16 10:30
Sokha,e784f12c,,,Deposit,150,2025-03-16 12:00
Piseth,c2457e91,Srey Leak,ba98d2f7,Transfer,25,2025-03-16 14:00
Srey Leak,ba98d2f7,Piseth,c2457e91,Transfer,50,2025-03-17 09:00
Dara,af3512b4,,,Deposit,200,2025-03-17 11:15
Sokha,e784f12c,Dara,af3512b4,Transfer,90,2025-03-17 13:45
Piseth,c2457e91,Srey Leak,ba98d2f7,Transfer,40,2025-03-18 08:30
Srey Leak,ba98d2f7,Piseth,c2457e91,Transfer,55,2025-03-18 10:00
Dara,af3512b4,Sokha,e784f12c,Transfer,80,2025-03-18 12:30
Sokha,e784f12c,,,Withdraw,120,2025-03-19 09:15
Piseth,c2457e91,,,Deposit,350,2025-03-19 11:30
Srey Leak,ba98d2f7,,,Withdraw,90,2025-03-19 13:00
Dara,af3512b4,Sokha,e784f12c,Transfer,65,2025-03-19 15:45
Sokha,e784f12c,Dara,af3512b4,Transfer,45,2025-03-20 08:00
Piseth,c2457e91,Srey Leak,ba98d2f7,Transfer,50,2025-03-20 10:00
Srey Leak,ba98d2f7,Piseth,c2457e91,Transfer,35,2025-03-20 11:30
Dara,af3512b4,,,Deposit,400,2025-03-20 13:00
Sokha,e784f12c,,,Withdraw,200,2025-03-20 14:30
Piseth,c2457e91,Srey Leak,ba98d2f7,Transfer,60,2025-03-13 13:15
Srey Leak,ba98d2f7,Piseth,c2457e91,Transfer,40,2025-03-14 11:00
Dara,af3512b4,Sokha,e784f12c,Transfer,50,2025-03-15 15:30
Sokha,e784f12c,Dara,af3512b4,Transfer,30,2025-03-16 16:45
Piseth,c2457e91,,,Withdraw,80,2025-03-17 10:00
Srey Leak,ba98d2f7,,,Deposit,60,2025-03-17 11:30
Dara,af3512b4,,,Withdraw,90,2025-03-18 09:00
Sokha,e784f12c,,,Deposit,130,2025-03-18 12:45
Piseth,c2457e91,Srey Leak,ba98d2f7,Transfer,35,2025-03-19 10:15
Srey Leak,ba98d2f7,Piseth,c2457e91,Transfer,20,2025-03-19 12:30
Piseth,c2457e91,Srey Leak,ba98d2f7,Transfer,35,2025-03-18 10:15
Srey Leak,ba98d2f7,Piseth,c2457e91,Transfer,30,2025-03-18 11:00
Dara,af3512b4,Sokha,e784f12c,Transfer,50,2025-03-18 12:00
Sokha,e784f12c,Dara,af3512b4,Transfer,25,2025-03-18 13:30
Piseth,c2457e91,Srey Leak,ba98d2f7,Transfer,40,2025-03-19 08:00
Srey Leak,ba98d2f7,Piseth,c2457e91,Transfer,55,2025-03-19 09:15
Dara,af3512b4,Sokha,e784f12c,Transfer,60,2025-03-19 10:30
Sokha,e784f12c,Dara,af3512b4,Transfer,50,2025-03-19 12:00
Piseth,c2457e91,Srey Leak,ba98d2f7,Transfer,40,2025-03-19 14:30
Srey Leak,ba98d2f7,Piseth,c2457e91,Transfer,50,2025-03-19 15:45
Dara,af3512b4,Sokha,e784f12c,Transfer,70,2025-03-20 10:45
Sokha,e784f12c,Dara,af3512b4,Transfer,60,2025-03-20 12:00
Piseth,c2457e91,Srey Leak,ba98d2f7,Transfer,45,2025-03-14 10:30
Srey Leak,ba98d2f7,Piseth,c2457e91,Transfer,25,2025-03-15 11:15
Dara,af3512b4,Sokha,e784f12c,Transfer,40,2025-03-16 13:00
Sokha,e784f12c,Dara,af3512b4,Transfer,55,2025-03-17 09:30
Piseth,c2457e91,Srey Leak,ba98d2f7,Transfer,50,2025-03-18 13:00
Srey Leak,ba98d2f7,Piseth,c2457e91,Transfer,60,2025-03-19 15:15
Dara,af3512b4,Sokha,e784f12c,Transfer,80,2025-03-20 09:30
Dara,af3512b4,Sokha,e784f12c,Transfer,40,2025-03-20 09:30
Sokha,e784f12c,Dara,af3512b4,Transfer,60,2025-03-20 10:30
Piseth,c2457e91,Srey Leak,ba98d2f7,Transfer,45,2025-03-20 11:00
Srey Leak,ba98d2f7,Piseth,c2457e91,Transfer,50,2025-03-20 12:30
Dara,af3512b4,Sokha,e784f12c,Transfer,55,2025-03-20 13:00
Sokha,e784f12c,,,Withdraw,100,2025-03-13 08:00
Piseth,c2457e91,,,Deposit,500,2025-03-13 14:00
Srey Leak,ba98d2f7,,,Withdraw,70,2025-03-13 15:30
Dara,af3512b4,,,Deposit,350,2025-03-14 12:00
Sokha,e784f12c,,,Withdraw,90,2025-03-14 13:30
Piseth,c2457e91,,,Deposit,250,2025-03-14 15:00
Srey Leak,ba98d2f7,,,Withdraw,120,2025-03-15 09:30
Dara,af3512b4,,,Deposit,250,2025-03-15 11:00
Sokha,e784f12c,,,Withdraw,60,2025-03-15 14:30
Piseth,c2457e91,,,Deposit,150,2025-03-16 10:30
Srey Leak,ba98d2f7,,,Withdraw,130,2025-03-16 12:00
Dara,af3512b4,,,Deposit,400,2025-03-16 14:30
Sokha,e784f12c,,,Withdraw,180,2025-03-17 09:00
Piseth,c2457e91,,,Deposit,300,2025-03-17 10:00
Srey Leak,ba98d2f7,,,Withdraw,100,2025-03-17 12:30
Soy,bfd25141,,,Deposit,120.0,2025-03-22 19:25
Soy,bfd25141,,,Deposit,120.0,2025-03-22 19:30
Soy,bfd25141,,,Deposit,60.0,2025-03-22 19:32
Soy,bfd25141,,,Withdraw,100.0,2025-03-22 19:32
Soy,bfd25141,Heng,93631449,Transfer,120.0,2025-03-22 19:33
Soy,bfd25141,Heng,93631449,Transfer,80.0,2025-03-22 19:34
Soy,bfd25141,Heng,93631449,Transfer,1.0,2025-03-22 19:48
